event,country
TED2006,Canada
TEDGlobal 2005,Canada
TED2002,Canada
TED2003,Canada
TED2005,Canada
TED2004,Canada
TEDSalon 2006,Canada
TED2007,Canada
TEDGlobal 2007,Canada
DLD 2007,Germany
LIFT 2007,England
Skoll World Forum 2007,England
TED2001,Canada
TEDSalon 2007 Hot Science,Canada
TED2008,Canada
TED1984,Canada
TED1990,Canada
EG 2007,USA
TED1998,Canada
TED Prize Wish,USA
Serious Play 2008,USA
Taste3 2008,USA
TED in the Field,USA
TED2009,Canada
EG 2008,USA
Elizabeth G. Anderson School,England
TEDxUSC,USA
TED@State,USA
TEDGlobal 2009,Canada
TEDxKC,USA
TEDSalon 2009 Compassion,USA
Chautauqua Institution,USA
TEDIndia 2009,India
TEDSalon London 2009,England
TEDxTC,USA
TEDMED 2009,Canada
TEDxSMU,USA
TEDxBoston 2009,USA
TEDxBerlin,Germany
TED2010,Canada
TEDxAmsterdam,Netherlands
Arbejdsglaede Live,USA
TEDxNASA,USA
Mission Blue Voyage,Galápagos
TEDxPuget Sound,USA
TEDxNYED,USA
TEDSalon London 2010,England
TEDxEdmonton,Canada
TED@Cannes,France
TEDxAtlanta,USA
TEDxEast,USA
TEDxOilSpill,USA
TEDGlobal 2010,Canada
TEDxBoston 2010,USA
Business Innovation Factory,USA
TEDxYYC,Canada
TEDxChange,USA
TED Senior Fellows at TEDGlobal 2010,USA
TEDxTelAviv 2010,Israel
TEDxDU 2010,USA
TEDxMidwest,USA
TEDxHouston,USA
TEDxNextGenerationAsheville,USA
TEDxRotterdam 2010,Netherlands
TEDWomen 2010,USA
TEDxMidAtlantic,USA
TEDxSydney,Australia
TEDSalon NY2011,USA
TEDxRainier,USA
TEDxToronto 2010,Canada
TEDxPSU,USA
TEDMED 2010,Canada
TEDxGreatPacificGarbagePatch,USA
TEDxGöteborg 2010,Sweden
TED@MotorCity,USA
TEDxPennQuarter,USA
TEDPrize@UN,USA
TED2011,Canada
TEDxPeachtree,USA
TEDxDubai,United Arab Emirates
TEDActive 2011,USA
INK Conference,India
TEDxCaltech,USA
TEDxWarwick,Canada
TEDxSiliconValley,USA
TEDxNorthwesternU,USA
TEDxMaastricht,Netherlands
TEDxBG,Bulgaria
Full Spectrum Auditions,USA
TEDSalon London Spring 2011,England
TEDGlobal 2011,Canada
TEDxBoston 2011,USA
TEDxUIUC,United States
TEDxThessaloniki,Greece
TEDxWaterloo,Canada
TEDxSantaCruz,USA
TEDxBloomington,USA
TEDxManhattanBeach,USA
TEDxKids@Brussels,Belgium
TEDxTeen,USA
TEDxBoulder 2011,USA
TEDxSF,USA
TEDxManhattan,USA
TEDxOrangeCoast,USA
TEDxBrussels,Belgium
TEDMED 2011,Canada
TEDxKrakow,Poland
TEDxCMU,USA
TEDxVienna,Austrich
TEDxDU 2011,USA
TEDxDirigo,USA
TEDxCanberra,Australia
TEDxRC2,Switzerland
TEDxWomen 2011,Canada
TEDxZurich 2011,Switzerland
TEDSalon NY2012,Canada
TEDxMIA,USA
TEDxNASA@SiliconValley,USA
TEDxYouth@Manchester,England
TEDxToronto 2011,Canada
TED1994,USA
TEDxSanMigueldeAllende,Mexico
TEDxVancouver,Canada
TEDSalon London Fall 2011,England
TEDxIslay,USA
TEDxAmericanRiviera,USA
TEDxDublin,Ireland
TEDxVictoria,Canada
TEDxPhoenix,USA
TEDxAsheville,USA
TEDYouth 2011,USA
TED2012,Canada
TEDxUW,Canada
TED-Ed,USA
TEDxCambridge,England
TEDxPortofSpain,Spain
TEDxNewy,Australia
TEDxPittsburgh,England
TEDxOslo,Norway
TEDxConcordiaUPortland,USA
TEDxAthens,Greece
TED@SXSWi,USA
TEDxAustin,USA
TEDxMonterey,USA
TEDxSummit,USA
TEDxBerkeley,USA
TEDxHogeschoolUtrecht,Netherlands
TEDxSanJoseCA,USA
TEDxSussexUniversity,USA
TEDMED 2012,USA
TEDxABQ,USA
TEDSalon London Spring 2012,England
TEDxGrandRapids,USA
TEDxSanDiego,USA
TEDxLondonBusinessSchool,England
TEDGlobal 2012,Canada
TEDxStanford,USA
TEDxImperialCollege,England
TEDxBoston 2012,USA
TEDxObserver,England
TEDxMaui,USA
TEDxExeter,England
TEDxUCL,England
TEDxHousesOfParliament,England
TED@London,England
TED@New York,USA
TED@Nairobi,Kenya
TED@Johannesburg,South Africa
TEDxWinnipeg,Canada
TED@Bangalore,India
TEDxEQChCh,New Zealand
TEDxCHUV,Switzerland
TEDxHelvetia,Switzerland
TEDxGeorgetown,USA
TEDxZurich 2012,Switzerland
TEDxWitsUniversity,South Africa
TEDSalon London Fall 2012,England
TEDxJaffa 2012,Israel
TEDxWomen 2012,Canada
TEDxHampshireCollege,United States
TEDxGoodenoughCollege,England
TEDxGlasgow,Scotland
TEDxBeaconStreet,USA
TEDxDelft,Netherlands
TEDSalon NY2013,USA
TEDxConcorde,France
TED2013,Canada
TEDYouth 2012,USA
TEDxRiodelaPlata,Argentina
TEDxSeattleU,USA
TED@Intel,USA
TEDActive 2013,USA
TED Talks Education,USA
TEDxMiamiUniversity,USA
TEDxDeExtinction,USA
TEDxFiDiWomen,USA
TEDMED 2013,Canada
TEDGlobal 2013,Canada
TEDxDanubia,Hungary
TEDxCERN,Switzerland
TEDxNijmegen,Netherlands
TEDxColbyCollege,USA
TEDxTokyo,Japon
TEDxBoston,USA
TEDxKids@Ambleside,Canada
TEDCity2.0,USA
TED@BCG Singapore,Singapore
TED@NYC,USA
TEDYouth 2013,USA
TEDWomen 2013,Canada
TEDxBratislava,Slovakia
TED@BCG San Francisco,USA
TEDxMet,USA
TEDxMarin,USA
TED@State Street Boston,USA
TEDxCaFoscariU,Italy
TEDxJaffa 2013,Israel
TEDxZurich 2013,Switzerland
TED Fellows Retreat 2013,Ethiopia
TEDxBoulder,USA
TED2014,Canada
TEDxMidAtlantic 2013,USA
TED Studio,USA
TEDxPerth,Australia
TEDxUMKC,USA
TEDSalon NY2014,USA
TEDActive 2014,Canada
TEDxLeuvenSalon,Belgium
TEDxUofM,USA
TEDxColumbus,USA
TEDSalon Berlin 2014,Germany
TEDxKyoto,Japon
TEDxClaremontColleges,USA
TEDxMonroeCorrectionalComplex,USA
TEDxBrighton,England
TEDxSonomaCounty,USA
TED@Unilever,England
TEDMED 2014,Canada
TEDGlobal 2014,Canada
TED@IBM,USA
TEDxNewYork,USA
TED@BCG Berlin,Germany
TEDxArendal,Norway
TEDxBinghamtonUniversity,USA
TEDxNorrkoping,Sweden
TEDYouth 2014,USA
TED@State Street London,England
TEDxPlaceDesNations,Switzerland
TEDxLinnaeusUniversity,Sweden
TEDxSBU,USA
TED2015,Canada
TEDxMuncyStatePrison,USA
TEDxSouthBank,Australia
TEDWomen 2015,USA
TEDSalon NY2015,USA
TEDGlobalLondon,England
TEDxIndianapolis,USA
TED@BCG London,England
TEDxChapmanU,USA
TEDxGoldenGatePark 2012,USA
TEDxUF,USA
TEDxBend,USA
TEDxPenn,England
TEDGlobal>London,England
TEDxProvidence,USA
TED Fellows Retreat 2015,USA
TED Fellows 2015,USA
Mission Blue II,Papua New Guinea
TED@UPS,USA
TEDYouth 2015,USA
TEDxGroningen,Netherlands
TEDGlobal>Geneva,Switzerland
TEDxYouth@Sydney,Australia
TEDxAmoskeagMillyard,USA
TEDMED 2015,Canada
TEDxUM,Poland
TEDxCreativeCoast,USA
TED2016,Canada
TED Talks Live,Canada
Global Witness,England
TEDActive 2015,Canada
TEDxGatewayWomen,India
TEDxEastEnd,USA
TED@BCG Paris,France
TEDSummit,Scotland
TEDxDesMoines,USA
TEDxColoradoSprings,USA
TEDxUniversityofNevada,USA
TEDNYC,USA
TEDxIndianaUniversity,USA
TEDxMontreal,Canada
TEDWomen 2016,Canada
TED Residency,USA
TEDxMtHood,USA
TEDxToronto,Canada
TEDxGhent,Belgium
TEDxSaltLakeCity,USA
TEDxOmaha,USA
TEDxSFU,Canada
TEDxPortland,USA
TEDMED 2016,Canada
TEDxManchester,England
TEDxMileHigh,USA
TED Dialogues,USA
TEDxNatick,USA
TEDxFrankfurt,Germany
TED-Ed Weekend,USA
TEDxColumbusWomen,USA
TEDxEuston,Africa
TEDLagos Ideas Search,Ghana
TEDxVirginiaTech,USA
TEDxSanQuentin,USA
TEDxSkoll,England
TED2017,USA
TEDxFulbrightDublin,Ireland
TEDNairobi Ideas Search,Kenya
TEDxOrcasIsland,USA
TEDxZurich,Switzerland
TEDxPennsylvaniaAvenue,USA
TEDxCrenshaw,Canada
TEDxHamburg,Germany
TEDxVermilionStreet,USA
TEDGlobal 2017,Canada
TEDxCharlottesville,USA
TEDGlobal>NYC,USA
TEDxLivoniaCCLibrary,Livonia
TEDxMileHighWomen,USA
TED@BCG Milan,Italy
TEDxYouth@Bath,England
TEDWomen 2017,Canada
TEDxGalway,Ireland
TED Salon Brightline Initiative,USA
TEDxPasadena,USA
TEDxSnoIsleLibraries,USA
TEDxStormontWomen,England
TED@Tommy,Netherlands
TEDxLeuven,Belgium
"TED@Merck KGaA,",Germany
"Darmstadt,",Germany
Germany,Germany
TEDxPaloAlto,USA
TEDxYorkU,England
TED@Westpac,USA
TEDxOhioStateUniversity,USA
TEDxUppsalaUniversity,Sweden
TEDMED 2017,Canada
TEDxMidAtlantic 2017,USA
TEDxCoconutGrove,USA
Small Thing Big Idea,China
TEDxUniversityofMississippi,USA
Torchbearers,USA
TEDxRosario 2017,USA
TEDxTysons,USA
TEDxBerkleeValencia,Spain
TEDxHull,England
TEDxBroadway,USA
TED2018,Canada
TEDxLincolnSquare,USA
TEDxUIdaho,USA
TEDxLSU,USA
DIY Neuroscience,USA
TEDxMemphis,USA
TEDxFIU,USA
TEDxVCU,USA
TEDxAustinWomen,USA
TEDxUCDavis,USA
TEDxLondon,England
TEDxKakumaCamp,Kenya
TEDxOrlando,USA
TED Salon Optum,USA
TEDxYouth@Beaconstreet,USA
TEDxKlagenfurt,Austria
TED en Español en NYC,USA
TEDxFondduLac,USA
TEDxDePaulUniversity,USA
TED Salon Verizon,USA
We the Future,USA
TED Salon Samsung,USA
TEDxUofT,Canada
TEDxSanFrancisco,USA
TED@BCG Toronto,Canada
TEDxVeniceBeach,USA
TEDxUWLaCrosse,USA
TEDxGateway,Ireland
TED Salon Zebra Technologies,USA
TED Salon: Radical Craft,USA
TEDxUGA,Georgia
The Way We Work,USA
TEDWomen 2018,Canada
TEDxBrisbane,Australia
TED Salon: Belonging,USA
TEDxPurdueU,USA
TEDxSalford,England
TEDxStockholm,Sweden
TEDMED 2018,Canada
TEDxCoventGardenWomen,England
TED Salon Doha Debates,Qatar
TED Salon: Education Everywhere,USA
TED Salon U.S. Air Force,USA
TEDxUHasselt,Belgium
TEDxAarhus,Denmark
TEDxProvincetown,USA
TEDxAmsterdamWomen,Netherlands
TEDxSeattle,USA
TEDxAuckland,New Zealand
TEDxCreightonU,USA
TED2019,Canada
TEDxAlbertopolis,England
TEDxRapidCity,USA
TEDxTaipei,China
TEDxBeaconStreetSalon,USA
TEDxJacksonHole,USA
TEDxMünchen,Germany
TED Salon The Macallan,USA
TEDSummit 2019,Scotland
TEDxWanChai,China
TEDxYouth@München,Germany
TEDxYouth@Valladolid,Spain
TEDxFergusonLibrary,USA
TED Salon Border Stories,USA
TEDxBasel,Netherlands
TED@DuPont,USA
TEDxRiga,Latvia
TEDxJacksonville,USA
TED@BCG Mumbai,India
TED Talks India: Nayi Baat,India
TED Masterclass,USA
TEDxSantaClaraUniversity,USA
TED@NAS,USA
TEDWomen 2019,Canada
Countdown,USA
TEDxChristchurch,New Zealand
TEDxNashville,USA
TED@WellsFargo,USA
TEDxUCLA,USA
TEDxEindhoven,Netherlands
Currently,Canada
TEDxEasthamptonWomen,USA
TEDxTufts,USA
TEDxStCloud,USA
The TED Interview,USA
TED Connects,USA
TEDxDetroit,USA
TEDxQueensU,Canada
TED2020: The Prequel,USA
